[
  {
    "id": 1,
    "description": "antenna-cw-cj_nFa14",
    "title": "Business1",
    "image": "images/image1.jpg"    
  },
  {
    "id": 2,
    "description": "austin-distel-wD1LRb9OeEo",
    "title": "Business2",
    "image": "images/image2.jpg"
  },
  {
    "id": 3,
    "description": "brooke-cagle-g1Kr4Ozfoac",
    "title": "Business3",
    "image": "images/image3.jpg"
  },
  {
    "id": 4,
    "description": "brooke-cagle--uHVRvDr7pg",
    "title": "Business4",
    "image": "images/image4.jpg"
  },
  {
    "id": 5,
    "description": "bruce-mars-8YG31Xn4dSw",
    "title": "Business5",
    "image": "images/image5.jpg"
  }
]
